{
  "model": "Qwen/Qwen3-4B",
  "method": "greedy",
  "dataset_size": 500,
  "overall_accuracy": 0.62,
  "elapsed_s": 223.61352372169495,
  "by_level": {
    "1": {
      "correct": 37,
      "total": 43,
      "accuracy": 0.8604651162790697
    },
    "2": {
      "correct": 72,
      "total": 90,
      "accuracy": 0.8
    },
    "3": {
      "correct": 76,
      "total": 105,
      "accuracy": 0.7238095238095238
    },
    "4": {
      "correct": 75,
      "total": 128,
      "accuracy": 0.5859375
    },
    "5": {
      "correct": 50,
      "total": 134,
      "accuracy": 0.373134328358209
    }
  },
  "by_subject": {
    "Algebra": {
      "correct": 99,
      "total": 124,
      "accuracy": 0.7983870967741935
    },
    "Counting & Probability": {
      "correct": 23,
      "total": 38,
      "accuracy": 0.6052631578947368
    },
    "Geometry": {
      "correct": 17,
      "total": 41,
      "accuracy": 0.4146341463414634
    },
    "Intermediate Algebra": {
      "correct": 35,
      "total": 97,
      "accuracy": 0.36082474226804123
    },
    "Number Theory": {
      "correct": 45,
      "total": 62,
      "accuracy": 0.7258064516129032
    },
    "Prealgebra": {
      "correct": 64,
      "total": 82,
      "accuracy": 0.7804878048780488
    },
    "Precalculus": {
      "correct": 27,
      "total": 56,
      "accuracy": 0.48214285714285715
    }
  },
  "extraction_failures": 153
}