{
  "model": "Qwen/Qwen3-4B",
  "method": "vllm_batched_power_sampling",
  "dataset_size": 500,
  "overall_accuracy": 0.654,
  "elapsed_s": 12855.578078508377,
  "by_level": {
    "1": {
      "correct": 37,
      "total": 43,
      "accuracy": 0.8604651162790697
    },
    "2": {
      "correct": 75,
      "total": 90,
      "accuracy": 0.8333333333333334
    },
    "3": {
      "correct": 77,
      "total": 105,
      "accuracy": 0.7333333333333333
    },
    "4": {
      "correct": 83,
      "total": 128,
      "accuracy": 0.6484375
    },
    "5": {
      "correct": 55,
      "total": 134,
      "accuracy": 0.41044776119402987
    }
  },
  "by_subject": {
    "Algebra": {
      "correct": 99,
      "total": 124,
      "accuracy": 0.7983870967741935
    },
    "Counting & Probability": {
      "correct": 23,
      "total": 38,
      "accuracy": 0.6052631578947368
    },
    "Geometry": {
      "correct": 17,
      "total": 41,
      "accuracy": 0.4146341463414634
    },
    "Intermediate Algebra": {
      "correct": 41,
      "total": 97,
      "accuracy": 0.422680412371134
    },
    "Number Theory": {
      "correct": 45,
      "total": 62,
      "accuracy": 0.7258064516129032
    },
    "Prealgebra": {
      "correct": 68,
      "total": 82,
      "accuracy": 0.8292682926829268
    },
    "Precalculus": {
      "correct": 34,
      "total": 56,
      "accuracy": 0.6071428571428571
    }
  },
  "extraction_failures": 139,
  "power_sampling_config": {
    "alpha": 4.0,
    "top_k": 8,
    "num_rollouts": 8,
    "lookahead": 32,
    "batch_size": 128,
    "num_candidates": 32
  }
}